{"cameraMode":{"drawMode":0,"name":"Shaded","section":"Shading Mode"},"sceneLighting":false,"audioPlay":false,"sceneViewState":{"m_AlwaysRefresh":false,"showFog":false,"showSkybox":false,"showFlares":false,"showImageEffects":false,"showParticleSystems":false,"showVisualEffectGraphs":true,"m_FxEnabled":true},"in2DMode":false,"pivot":{"x":0.08586317300796509,"y":0.3481285572052002,"z":-0.11716628074645996},"rotation":{"x":0.16279014945030213,"y":-0.014082049950957299,"z":0.002199976472184062,"w":0.98670494556427},"size":2.7550318241119386,"orthographic":false}