{"cameraMode":{"drawMode":0,"name":"Shaded","section":"Shading Mode"},"sceneLighting":false,"audioPlay":false,"sceneViewState":{"m_AlwaysRefresh":false,"showFog":true,"showSkybox":false,"showFlares":true,"showImageEffects":true,"showParticleSystems":true,"showVisualEffectGraphs":true,"m_FxEnabled":true},"in2DMode":false,"pivot":{"x":0.02446115016937256,"y":-0.027338027954101564,"z":0.07087647914886475},"rotation":{"x":0.36211133003234866,"y":0.011267013847827912,"z":-0.006034076679497957,"w":0.932819128036499},"size":1.3768596649169922,"orthographic":false}