{"cameraMode":{"drawMode":0,"name":"Shaded","section":"Shading Mode"},"sceneLighting":false,"audioPlay":false,"sceneViewState":{"m_AlwaysRefresh":false,"showFog":true,"showSkybox":false,"showFlares":true,"showImageEffects":true,"showParticleSystems":true,"showVisualEffectGraphs":true,"m_FxEnabled":true},"in2DMode":false,"pivot":{"x":0.0002627372741699219,"y":-0.011294364929199219,"z":0.005280017852783203},"rotation":{"x":0.05224818363785744,"y":-0.9450737833976746,"z":0.18542377650737763,"w":0.2649998664855957},"size":9.143107414245606,"orthographic":false}