{"cameraMode":{"drawMode":0,"name":"Shaded","section":"Shading Mode"},"sceneLighting":false,"audioPlay":false,"sceneViewState":{"m_AlwaysRefresh":false,"showFog":false,"showSkybox":false,"showFlares":false,"showImageEffects":false,"showParticleSystems":false,"showVisualEffectGraphs":true,"m_FxEnabled":true},"in2DMode":false,"pivot":{"x":0.04582524299621582,"y":-0.3093794584274292,"z":-0.01976478099822998},"rotation":{"x":-0.33423835039138796,"y":0.2973648011684418,"z":-0.11231127381324768,"w":-0.8874313831329346},"size":2.838517904281616,"orthographic":false}