{"cameraMode":{"drawMode":0,"name":"Shaded","section":"Shading Mode"},"sceneLighting":true,"audioPlay":false,"sceneViewState":{"m_AlwaysRefresh":false,"showFog":true,"showSkybox":true,"showFlares":true,"showImageEffects":true,"showParticleSystems":true,"showVisualEffectGraphs":true,"m_FxEnabled":true},"in2DMode":false,"pivot":{"x":-0.23235130310058595,"y":6.273334503173828,"z":33.879966735839847},"rotation":{"x":-0.06274846941232681,"y":0.9206160306930542,"z":-0.1660975217819214,"w":-0.34778741002082827},"size":29.972003936767579,"orthographic":false}