{"cameraMode":{"drawMode":0,"name":"Shaded","section":"Shading Mode"},"sceneLighting":true,"audioPlay":false,"sceneViewState":{"m_AlwaysRefresh":false,"showFog":true,"showSkybox":true,"showFlares":true,"showImageEffects":true,"showParticleSystems":true,"showVisualEffectGraphs":true,"m_FxEnabled":true},"in2DMode":false,"pivot":{"x":-16.337337493896486,"y":1.8953237533569337,"z":8.497631072998047},"rotation":{"x":0.1828952133655548,"y":-0.46473750472068789,"z":0.09847954660654068,"w":0.8609726428985596},"size":23.95618438720703,"orthographic":false}