{"cameraMode":{"drawMode":0,"name":"Shaded","section":"Shading Mode"},"sceneLighting":true,"audioPlay":false,"sceneViewState":{"m_AlwaysRefresh":false,"showFog":true,"showSkybox":true,"showFlares":true,"showImageEffects":true,"showParticleSystems":true,"showVisualEffectGraphs":true,"m_FxEnabled":true},"in2DMode":false,"pivot":{"x":7.67675256729126,"y":2.406599760055542,"z":-3.2373344898223879},"rotation":{"x":-0.0037716610822826626,"y":0.9956868290901184,"z":-0.050142548978328708,"w":-0.07988961786031723},"size":12.822123527526856,"orthographic":false}