{"cameraMode":{"drawMode":0,"name":"Shaded","section":"Shading Mode"},"sceneLighting":true,"audioPlay":false,"sceneViewState":{"m_AlwaysRefresh":false,"showFog":true,"showSkybox":true,"showFlares":true,"showImageEffects":true,"showParticleSystems":true,"showVisualEffectGraphs":true,"m_FxEnabled":true},"in2DMode":false,"pivot":{"x":9.298352241516114,"y":8.23447036743164,"z":-9.924261093139649},"rotation":{"x":0.010848263278603554,"y":-0.9707543849945068,"z":0.044689737260341647,"w":0.23599281907081605},"size":10.90664291381836,"orthographic":false}