{"cameraMode":{"drawMode":0,"name":"Shaded","section":"Shading Mode"},"sceneLighting":true,"audioPlay":false,"sceneViewState":{"m_AlwaysRefresh":false,"showFog":true,"showSkybox":true,"showFlares":true,"showImageEffects":true,"showParticleSystems":true,"showVisualEffectGraphs":true,"m_FxEnabled":true},"in2DMode":false,"pivot":{"x":10.325078964233399,"y":2.0299274921417238,"z":40.44721603393555},"rotation":{"x":0.3283631503582001,"y":-0.10876668989658356,"z":0.038094982504844668,"w":0.9375061988830566},"size":38.16297912597656,"orthographic":false}