{"cameraMode":{"drawMode":0,"name":"Shaded","section":"Shading Mode"},"sceneLighting":true,"audioPlay":false,"sceneViewState":{"m_AlwaysRefresh":false,"showFog":true,"showSkybox":true,"showFlares":true,"showImageEffects":true,"showParticleSystems":true,"showVisualEffectGraphs":true,"m_FxEnabled":true},"in2DMode":false,"pivot":{"x":53.27277374267578,"y":12.396387100219727,"z":-2.3628690242767336},"rotation":{"x":0.23739300668239594,"y":0.07065988332033158,"z":-0.017309162765741349,"w":0.9687744379043579},"size":3.8374698162078859,"orthographic":false}