{"cameraMode":{"drawMode":0,"name":"Shaded","section":"Shading Mode"},"sceneLighting":false,"audioPlay":false,"sceneViewState":{"m_AlwaysRefresh":false,"showFog":true,"showSkybox":false,"showFlares":true,"showImageEffects":true,"showParticleSystems":true,"showVisualEffectGraphs":true,"m_FxEnabled":true},"in2DMode":false,"pivot":{"x":14.156343460083008,"y":0.42999309301376345,"z":46.961124420166019},"rotation":{"x":-0.02227344922721386,"y":-0.13988007605075837,"z":-0.004687656182795763,"w":0.9906257390975952},"size":1.7541061639785767,"orthographic":false}