{"cameraMode":{"drawMode":0,"name":"Shaded","section":"Shading Mode"},"sceneLighting":false,"audioPlay":false,"sceneViewState":{"m_AlwaysRefresh":false,"showFog":true,"showSkybox":false,"showFlares":true,"showImageEffects":true,"showParticleSystems":true,"showVisualEffectGraphs":true,"m_FxEnabled":true},"in2DMode":false,"pivot":{"x":-31.348325729370118,"y":2.653353214263916,"z":-1.0959681272506714},"rotation":{"x":0.0012029986828565598,"y":0.9936323761940002,"z":-0.11257010698318482,"w":0.010417519137263298},"size":3.0652620792388918,"orthographic":false}