{"cameraMode":{"drawMode":0,"name":"Shaded","section":"Shading Mode"},"sceneLighting":true,"audioPlay":false,"sceneViewState":{"m_AlwaysRefresh":false,"showFog":true,"showSkybox":true,"showFlares":true,"showImageEffects":true,"showParticleSystems":true,"showVisualEffectGraphs":true,"m_FxEnabled":true},"in2DMode":false,"pivot":{"x":13.914356231689454,"y":-2.129835605621338,"z":-0.10984134674072266},"rotation":{"x":0.00007047303370200098,"y":0.972328245639801,"z":-0.23363079130649568,"w":0.00029257676214911044},"size":12.461819648742676,"orthographic":false}