{"cameraMode":{"drawMode":0,"name":"Shaded","section":"Shading Mode"},"sceneLighting":false,"audioPlay":false,"sceneViewState":{"m_AlwaysRefresh":false,"showFog":false,"showSkybox":false,"showFlares":false,"showImageEffects":false,"showParticleSystems":false,"showVisualEffectGraphs":true,"m_FxEnabled":true},"in2DMode":false,"pivot":{"x":1.0096051692962647,"y":0.6485157012939453,"z":0.3967306315898895},"rotation":{"x":0.011616851203143597,"y":0.9283012747764587,"z":-0.029071472585201265,"w":0.3707624673843384},"size":2.9607956409454347,"orthographic":false}