{"cameraMode":{"drawMode":0,"name":"Shaded","section":"Shading Mode"},"sceneLighting":false,"audioPlay":false,"sceneViewState":{"m_AlwaysRefresh":false,"showFog":false,"showSkybox":false,"showFlares":false,"showImageEffects":false,"showParticleSystems":false,"showVisualEffectGraphs":true,"m_FxEnabled":true},"in2DMode":false,"pivot":{"x":0.7130387425422669,"y":-0.689720869064331,"z":0.2306639850139618},"rotation":{"x":0.011616851203143597,"y":0.9283012747764587,"z":-0.029071472585201265,"w":0.3707624673843384},"size":1.9395049810409547,"orthographic":false}