{"cameraMode":{"drawMode":0,"name":"Shaded","section":"Shading Mode"},"sceneLighting":false,"audioPlay":false,"sceneViewState":{"m_AlwaysRefresh":false,"showFog":false,"showSkybox":false,"showFlares":false,"showImageEffects":false,"showParticleSystems":false,"showVisualEffectGraphs":true,"m_FxEnabled":true},"in2DMode":false,"pivot":{"x":-0.009691476821899414,"y":0.8031626343727112,"z":-0.2346031665802002},"rotation":{"x":0.16279014945030213,"y":-0.014082049950957299,"z":0.002199976472184062,"w":0.98670494556427},"size":3.5995590686798097,"orthographic":false}