{"cameraMode":{"drawMode":0,"name":"Shaded","section":"Shading Mode"},"sceneLighting":false,"audioPlay":false,"sceneViewState":{"m_AlwaysRefresh":false,"showFog":true,"showSkybox":false,"showFlares":true,"showImageEffects":true,"showParticleSystems":true,"showVisualEffectGraphs":true,"m_FxEnabled":true},"in2DMode":false,"pivot":{"x":19.624366760253908,"y":3.0224950313568117,"z":-17.266475677490236},"rotation":{"x":0.3672310411930084,"y":-0.12615029513835908,"z":0.049335259944200519,"w":0.9209591150283814},"size":6.916876792907715,"orthographic":false}