{"cameraMode":{"drawMode":0,"name":"Shaded","section":"Shading Mode"},"sceneLighting":false,"audioPlay":false,"sceneViewState":{"m_AlwaysRefresh":false,"showFog":true,"showSkybox":false,"showFlares":true,"showImageEffects":true,"showParticleSystems":true,"showVisualEffectGraphs":true,"m_FxEnabled":true},"in2DMode":false,"pivot":{"x":1756.9110107421875,"y":472.8282470703125,"z":-395.2702331542969},"rotation":{"x":-0.039692413061857226,"y":0.0011387687409296632,"z":-0.00011570036440389231,"w":0.9994577765464783},"size":348.0385437011719,"orthographic":true}