{"cameraMode":{"drawMode":0,"name":"Shaded","section":"Shading Mode"},"sceneLighting":false,"audioPlay":false,"sceneViewState":{"m_AlwaysRefresh":false,"showFog":true,"showSkybox":false,"showFlares":true,"showImageEffects":true,"showParticleSystems":true,"showVisualEffectGraphs":true,"m_FxEnabled":true},"in2DMode":false,"pivot":{"x":14.226390838623047,"y":3.157111167907715,"z":30.767879486083986},"rotation":{"x":0.24144284427165986,"y":-0.39809560775756838,"z":0.10998519510030747,"w":0.8790712952613831},"size":6.080417633056641,"orthographic":false}