{"cameraMode":{"drawMode":0,"name":"Shaded","section":"Shading Mode"},"sceneLighting":true,"audioPlay":false,"sceneViewState":{"m_AlwaysRefresh":false,"showFog":true,"showSkybox":true,"showFlares":true,"showImageEffects":true,"showParticleSystems":true,"showVisualEffectGraphs":true,"m_FxEnabled":true},"in2DMode":false,"pivot":{"x":144.69290161132813,"y":1.5591299533843995,"z":3.5338282585144045},"rotation":{"x":-0.1979399472475052,"y":0.05149148404598236,"z":-0.010262127965688706,"w":-0.9788954854011536},"size":7.837879657745361,"orthographic":false}