{"cameraMode":{"drawMode":0,"name":"Shaded","section":"Shading Mode"},"sceneLighting":false,"audioPlay":false,"sceneViewState":{"m_AlwaysRefresh":false,"showFog":true,"showSkybox":false,"showFlares":true,"showImageEffects":true,"showParticleSystems":true,"showVisualEffectGraphs":true,"m_FxEnabled":true},"in2DMode":false,"pivot":{"x":-7.8480987548828129,"y":0.0822758898139,"z":46.930870056152347},"rotation":{"x":0.36211133003234866,"y":0.011267013847827912,"z":-0.006034076679497957,"w":0.932819128036499},"size":0.11855730414390564,"orthographic":false}