{"cameraMode":{"drawMode":0,"name":"Shaded","section":"Shading Mode"},"sceneLighting":false,"audioPlay":false,"sceneViewState":{"m_AlwaysRefresh":false,"showFog":false,"showSkybox":false,"showFlares":false,"showImageEffects":false,"showParticleSystems":false,"showVisualEffectGraphs":true,"m_FxEnabled":true},"in2DMode":false,"pivot":{"x":7.840215682983398,"y":-0.4837017059326172,"z":1.3609418869018555},"rotation":{"x":0.16279014945030213,"y":-0.014082049950957299,"z":0.002199976472184062,"w":0.98670494556427},"size":13.487771034240723,"orthographic":false}