{"cameraMode":{"drawMode":0,"name":"Shaded","section":"Shading Mode"},"sceneLighting":false,"audioPlay":false,"sceneViewState":{"m_AlwaysRefresh":false,"showFog":true,"showSkybox":false,"showFlares":true,"showImageEffects":true,"showParticleSystems":true,"showVisualEffectGraphs":true,"m_FxEnabled":true},"in2DMode":false,"pivot":{"x":-19.324668884277345,"y":4.143374443054199,"z":-0.09868741035461426},"rotation":{"x":0.24144284427165986,"y":-0.39809560775756838,"z":0.10998519510030747,"w":0.8790712952613831},"size":7.212657928466797,"orthographic":false}