{"cameraMode":{"drawMode":0,"name":"Shaded","section":"Shading Mode"},"sceneLighting":false,"audioPlay":false,"sceneViewState":{"m_AlwaysRefresh":false,"showFog":true,"showSkybox":false,"showFlares":true,"showImageEffects":true,"showParticleSystems":true,"showVisualEffectGraphs":true,"m_FxEnabled":true},"in2DMode":false,"pivot":{"x":0.7055171728134155,"y":-0.00423508882522583,"z":0.1079317033290863},"rotation":{"x":-0.27906203269958498,"y":-0.025733977556228639,"z":0.007437016814947128,"w":-0.9599696397781372},"size":0.9654803276062012,"orthographic":false}