{"cameraMode":{"drawMode":0,"name":"Shaded","section":"Shading Mode"},"sceneLighting":true,"audioPlay":false,"sceneViewState":{"m_AlwaysRefresh":false,"showFog":true,"showSkybox":true,"showFlares":true,"showImageEffects":true,"showParticleSystems":true,"showVisualEffectGraphs":true,"m_FxEnabled":true},"in2DMode":false,"pivot":{"x":17.70543098449707,"y":31.479215621948243,"z":7.4138898849487309},"rotation":{"x":0.5729727149009705,"y":0.05496559292078018,"z":-0.03856835886836052,"w":0.8168420791625977},"size":7.029024124145508,"orthographic":false}