{"cameraMode":{"drawMode":0,"name":"Shaded","section":"Shading Mode"},"sceneLighting":true,"audioPlay":false,"sceneViewState":{"m_AlwaysRefresh":false,"showFog":true,"showSkybox":true,"showFlares":true,"showImageEffects":true,"showParticleSystems":true,"showVisualEffectGraphs":true,"m_FxEnabled":true},"in2DMode":false,"pivot":{"x":47.91392135620117,"y":46.94075393676758,"z":-25.151103973388673},"rotation":{"x":-0.32110780477523806,"y":0.28247928619384768,"z":-0.10158781707286835,"w":-0.8988465070724487},"size":0.17213766276836396,"orthographic":false}