{"cameraMode":{"drawMode":0,"name":"Shaded","section":"Shading Mode"},"sceneLighting":true,"audioPlay":false,"sceneViewState":{"m_AlwaysRefresh":false,"showFog":true,"showSkybox":true,"showFlares":true,"showImageEffects":true,"showParticleSystems":true,"showVisualEffectGraphs":true,"m_FxEnabled":true},"in2DMode":false,"pivot":{"x":13.682265281677246,"y":10.548118591308594,"z":23.77835464477539},"rotation":{"x":-0.14381541311740876,"y":0.10238201916217804,"z":-0.01522703655064106,"w":-0.9843676090240479},"size":21.372312545776368,"orthographic":false}