{"cameraMode":{"drawMode":0,"name":"Shaded","section":"Shading Mode"},"sceneLighting":true,"audioPlay":false,"sceneViewState":{"m_AlwaysRefresh":false,"showFog":true,"showSkybox":true,"showFlares":true,"showImageEffects":true,"showParticleSystems":true,"showVisualEffectGraphs":true,"m_FxEnabled":true},"in2DMode":false,"pivot":{"x":34.05096435546875,"y":21.264415740966798,"z":37.741573333740237},"rotation":{"x":0.27307456731796267,"y":-0.5057172179222107,"z":0.17096342146396638,"w":0.8010930418968201},"size":15.094536781311036,"orthographic":false}