{"cameraMode":{"drawMode":0,"name":"Shaded","section":"Shading Mode"},"sceneLighting":true,"audioPlay":false,"sceneViewState":{"m_AlwaysRefresh":false,"showFog":true,"showSkybox":true,"showFlares":true,"showImageEffects":true,"showParticleSystems":true,"showVisualEffectGraphs":true,"m_FxEnabled":true},"in2DMode":false,"pivot":{"x":26.739999771118165,"y":7.570000171661377,"z":48.709999084472659},"rotation":{"x":0.013715295121073723,"y":0.7121899724006653,"z":-0.015714041888713838,"w":0.7026196718215942},"size":0.8660253882408142,"orthographic":false}