{"cameraMode":{"drawMode":0,"name":"Shaded","section":"Shading Mode"},"sceneLighting":true,"audioPlay":false,"sceneViewState":{"m_AlwaysRefresh":false,"showFog":true,"showSkybox":true,"showFlares":true,"showImageEffects":true,"showParticleSystems":true,"showVisualEffectGraphs":true,"m_FxEnabled":true},"in2DMode":false,"pivot":{"x":-2.361448287963867,"y":3.589779853820801,"z":13.033641815185547},"rotation":{"x":0.23769189417362214,"y":-0.37387293577194216,"z":0.09971614181995392,"w":0.8909673690795898},"size":25.209209442138673,"orthographic":false}