{"cameraMode":{"drawMode":0,"name":"Shaded","section":"Shading Mode"},"sceneLighting":true,"audioPlay":false,"sceneViewState":{"m_AlwaysRefresh":false,"showFog":true,"showSkybox":true,"showFlares":true,"showImageEffects":true,"showParticleSystems":true,"showVisualEffectGraphs":true,"m_FxEnabled":true},"in2DMode":false,"pivot":{"x":18.61438751220703,"y":14.812435150146485,"z":25.67043685913086},"rotation":{"x":0.41556137800216677,"y":-0.20170697569847108,"z":0.09520090371370316,"w":0.8820853233337402},"size":5.166503429412842,"orthographic":false}