{"cameraMode":{"drawMode":0,"name":"Shaded","section":"Shading Mode"},"sceneLighting":true,"audioPlay":false,"sceneViewState":{"m_AlwaysRefresh":false,"showFog":true,"showSkybox":true,"showFlares":true,"showImageEffects":true,"showParticleSystems":true,"showVisualEffectGraphs":true,"m_FxEnabled":true},"in2DMode":false,"pivot":{"x":12.153936386108399,"y":13.452559471130371,"z":-1.180638074874878},"rotation":{"x":0.23769189417362214,"y":-0.37387293577194216,"z":0.09971614181995392,"w":0.8909673690795898},"size":3.78941011428833,"orthographic":false}