{"cameraMode":{"drawMode":0,"name":"Shaded","section":"Shading Mode"},"sceneLighting":true,"audioPlay":false,"sceneViewState":{"m_AlwaysRefresh":false,"showFog":true,"showSkybox":true,"showFlares":true,"showImageEffects":true,"showParticleSystems":true,"showVisualEffectGraphs":true,"m_FxEnabled":true},"in2DMode":false,"pivot":{"x":31.428272247314454,"y":8.201809883117676,"z":40.201820373535159},"rotation":{"x":0.26507583260536196,"y":-0.6683594584465027,"z":0.27457520365715029,"w":0.6394978761672974},"size":19.68126678466797,"orthographic":false}