{"cameraMode":{"drawMode":0,"name":"Shaded","section":"Shading Mode"},"sceneLighting":true,"audioPlay":false,"sceneViewState":{"m_AlwaysRefresh":false,"showFog":true,"showSkybox":true,"showFlares":true,"showImageEffects":true,"showParticleSystems":true,"showVisualEffectGraphs":true,"m_FxEnabled":true},"in2DMode":false,"pivot":{"x":0.00005841255187988281,"y":-0.0025098323822021486,"z":0.001173257827758789},"rotation":{"x":-0.037201426923274997,"y":0.07298307120800019,"z":-0.002729464555159211,"w":-0.9966503381729126},"size":2.031801462173462,"orthographic":false}