{"cameraMode":{"drawMode":0,"name":"Shaded","section":"Shading Mode"},"sceneLighting":true,"audioPlay":false,"sceneViewState":{"m_AlwaysRefresh":false,"showFog":true,"showSkybox":true,"showFlares":true,"showImageEffects":true,"showParticleSystems":true,"showVisualEffectGraphs":true,"m_FxEnabled":true},"in2DMode":false,"pivot":{"x":12.043073654174805,"y":7.650182723999023,"z":2.6090850830078127},"rotation":{"x":0.2829782962799072,"y":-0.4763934314250946,"z":0.16530880331993104,"w":0.8161811828613281},"size":15.829643249511719,"orthographic":false}