{"cameraMode":{"drawMode":0,"name":"Shaded","section":"Shading Mode"},"sceneLighting":true,"audioPlay":false,"sceneViewState":{"m_AlwaysRefresh":false,"showFog":true,"showSkybox":true,"showFlares":true,"showImageEffects":true,"showParticleSystems":true,"showVisualEffectGraphs":true,"m_FxEnabled":true},"in2DMode":false,"pivot":{"x":31.64398765563965,"y":14.940597534179688,"z":55.95272445678711},"rotation":{"x":0.33707091212272646,"y":-0.12154827266931534,"z":0.04182715713977814,"w":0.9333770871162415},"size":5.952360153198242,"orthographic":false}