{"cameraMode":{"drawMode":0,"name":"Shaded","section":"Shading Mode"},"sceneLighting":true,"audioPlay":false,"sceneViewState":{"m_AlwaysRefresh":false,"showFog":true,"showSkybox":true,"showFlares":true,"showImageEffects":true,"showParticleSystems":true,"showVisualEffectGraphs":true,"m_FxEnabled":true},"in2DMode":false,"pivot":{"x":25.170867919921876,"y":-3.3934502601623537,"z":33.220584869384769},"rotation":{"x":-0.27134546637535097,"y":0.47864747047424319,"z":-0.1581733375787735,"w":-0.8205878734588623},"size":35.415733337402347,"orthographic":false}