{"cameraMode":{"drawMode":0,"name":"Shaded","section":"Shading Mode"},"sceneLighting":true,"audioPlay":false,"sceneViewState":{"m_AlwaysRefresh":false,"showFog":true,"showSkybox":true,"showFlares":true,"showImageEffects":true,"showParticleSystems":true,"showVisualEffectGraphs":true,"m_FxEnabled":true},"in2DMode":false,"pivot":{"x":1264.474365234375,"y":862.8844604492188,"z":-4.336551666259766},"rotation":{"x":0.11065233498811722,"y":-0.03430919721722603,"z":0.0019282004795968533,"w":0.9939394593238831},"size":737.8600463867188,"orthographic":false}