{"cameraMode":{"drawMode":0,"name":"Shaded","section":"Shading Mode"},"sceneLighting":true,"audioPlay":false,"sceneViewState":{"m_AlwaysRefresh":false,"showFog":true,"showSkybox":true,"showFlares":true,"showImageEffects":true,"showParticleSystems":true,"showVisualEffectGraphs":true,"m_FxEnabled":true},"in2DMode":false,"pivot":{"x":30.867996215820314,"y":26.712875366210939,"z":-22.95563507080078},"rotation":{"x":0.48725953698158266,"y":-0.2591879367828369,"z":0.15409907698631288,"w":0.819549024105072},"size":116.59820556640625,"orthographic":false}