{"cameraMode":{"drawMode":0,"name":"Shaded","section":"Shading Mode"},"sceneLighting":true,"audioPlay":false,"sceneViewState":{"m_AlwaysRefresh":false,"showFog":true,"showSkybox":true,"showFlares":true,"showImageEffects":true,"showParticleSystems":true,"showVisualEffectGraphs":true,"m_FxEnabled":true},"in2DMode":false,"pivot":{"x":3.154686450958252,"y":-0.2917752265930176,"z":11.912284851074219},"rotation":{"x":0.2913241684436798,"y":-0.2844286262989044,"z":0.09115879237651825,"w":0.9088199138641357},"size":23.528644561767579,"orthographic":false}