{"cameraMode":{"drawMode":0,"name":"Shaded","section":"Shading Mode"},"sceneLighting":true,"audioPlay":false,"sceneViewState":{"m_AlwaysRefresh":false,"showFog":true,"showSkybox":true,"showFlares":true,"showImageEffects":true,"showParticleSystems":true,"showVisualEffectGraphs":true,"m_FxEnabled":true},"in2DMode":false,"pivot":{"x":-0.8708477020263672,"y":-22.636064529418947,"z":74.83323669433594},"rotation":{"x":0.3362678289413452,"y":-0.028182821348309518,"z":0.008487098850309849,"w":0.9420713186264038},"size":67.24678039550781,"orthographic":false}