{"cameraMode":{"drawMode":0,"name":"Shaded","section":"Shading Mode"},"sceneLighting":true,"audioPlay":false,"sceneViewState":{"m_AlwaysRefresh":false,"showFog":true,"showSkybox":true,"showFlares":true,"showImageEffects":true,"showParticleSystems":true,"showVisualEffectGraphs":true,"m_FxEnabled":true},"in2DMode":false,"pivot":{"x":19.52118492126465,"y":2.2485275268554689,"z":9.213401794433594},"rotation":{"x":0.41556137800216677,"y":-0.20170697569847108,"z":0.09520090371370316,"w":0.8820853233337402},"size":13.943492889404297,"orthographic":false}