{"cameraMode":{"drawMode":0,"name":"Shaded","section":"Shading Mode"},"sceneLighting":false,"audioPlay":false,"sceneViewState":{"m_AlwaysRefresh":false,"showFog":true,"showSkybox":false,"showFlares":true,"showImageEffects":true,"showParticleSystems":true,"showVisualEffectGraphs":true,"m_FxEnabled":true},"in2DMode":false,"pivot":{"x":-14.494105339050293,"y":0.3194936215877533,"z":39.873687744140628},"rotation":{"x":0.11406690627336502,"y":0.5355228781700134,"z":-0.07401973754167557,"w":0.8343244194984436},"size":2.8983945846557619,"orthographic":false}