{"cameraMode":{"drawMode":0,"name":"Shaded","section":"Shading Mode"},"sceneLighting":false,"audioPlay":false,"sceneViewState":{"m_AlwaysRefresh":false,"showFog":false,"showSkybox":false,"showFlares":false,"showImageEffects":false,"showParticleSystems":false,"showVisualEffectGraphs":true,"m_FxEnabled":true},"in2DMode":false,"pivot":{"x":-0.02263665199279785,"y":3.144176959991455,"z":-0.043767452239990237},"rotation":{"x":-0.33423835039138796,"y":0.2973648011684418,"z":-0.11231127381324768,"w":-0.8874313831329346},"size":4.004100322723389,"orthographic":false}