{"cameraMode":{"drawMode":0,"name":"Shaded","section":"Shading Mode"},"sceneLighting":false,"audioPlay":false,"sceneViewState":{"m_AlwaysRefresh":false,"showFog":false,"showSkybox":false,"showFlares":false,"showImageEffects":false,"showParticleSystems":false,"showVisualEffectGraphs":true,"m_FxEnabled":true},"in2DMode":false,"pivot":{"x":0.08586174249649048,"y":0.3481285572052002,"z":-0.11716628074645996},"rotation":{"x":-0.33423835039138796,"y":0.2973648011684418,"z":-0.11231127381324768,"w":-0.8874313831329346},"size":2.755031108856201,"orthographic":false}